series_id,surface
0,soft_pvc
1,concrete
2,carpet
3,soft_pvc
4,hard_tiles
5,hard_tiles_large_space
6,soft_pvc
7,hard_tiles_large_space
8,hard_tiles
9,soft_tiles
10,fine_concrete
11,wood
12,carpet
13,carpet
14,soft_pvc
15,wood
16,tiled
17,soft_tiles
18,wood
19,fine_concrete
20,hard_tiles
21,soft_pvc
22,soft_pvc
23,hard_tiles_large_space
24,concrete
25,wood
26,soft_pvc
27,tiled
28,wood
29,hard_tiles_large_space
30,hard_tiles
31,hard_tiles
32,tiled
33,concrete
34,tiled
35,carpet
36,soft_pvc
37,soft_tiles
38,soft_tiles
39,soft_pvc
40,hard_tiles
41,soft_tiles
42,soft_pvc
43,soft_pvc
44,hard_tiles
45,soft_pvc
46,wood
47,hard_tiles_large_space
48,wood
49,wood
50,wood
51,soft_pvc
52,soft_pvc
53,hard_tiles_large_space
54,hard_tiles
55,tiled
56,concrete
57,wood
58,wood
59,tiled
60,tiled
61,concrete
62,hard_tiles_large_space
63,tiled
64,tiled
65,concrete
66,soft_pvc
67,soft_pvc
68,soft_pvc
69,fine_concrete
70,tiled
71,soft_pvc
72,soft_tiles
73,tiled
74,fine_concrete
75,wood
76,concrete
77,soft_pvc
78,tiled
79,soft_pvc
80,soft_tiles
81,concrete
82,hard_tiles
83,hard_tiles_large_space
84,hard_tiles_large_space
85,hard_tiles
86,wood
87,concrete
88,wood
89,soft_tiles
90,wood
91,concrete
92,fine_concrete
93,tiled
94,fine_concrete
95,tiled
96,soft_tiles
97,carpet
98,soft_tiles
99,tiled
100,hard_tiles_large_space
101,hard_tiles
102,fine_concrete
103,wood
104,carpet
105,hard_tiles_large_space
106,tiled
107,hard_tiles
108,soft_tiles
109,hard_tiles_large_space
110,soft_pvc
111,hard_tiles_large_space
112,soft_pvc
113,fine_concrete
114,tiled
115,fine_concrete
116,tiled
117,hard_tiles
118,concrete
119,concrete
120,soft_pvc
121,wood
122,carpet
123,hard_tiles_large_space
124,wood
125,hard_tiles_large_space
126,tiled
127,wood
128,carpet
129,tiled
130,hard_tiles
131,hard_tiles
132,soft_pvc
133,wood
134,concrete
135,soft_pvc
136,concrete
137,tiled
138,soft_tiles
139,concrete
140,soft_tiles
141,hard_tiles_large_space
142,soft_pvc
143,carpet
144,hard_tiles_large_space
145,tiled
146,tiled
147,tiled
148,carpet
149,wood
150,wood
151,carpet
152,concrete
153,hard_tiles
154,soft_pvc
155,soft_pvc
156,tiled
157,soft_pvc
158,tiled
159,wood
160,soft_tiles
161,carpet
162,soft_pvc
163,hard_tiles
164,soft_pvc
165,wood
166,soft_tiles
167,hard_tiles_large_space
168,soft_tiles
169,concrete
170,hard_tiles_large_space
171,hard_tiles
172,wood
173,soft_tiles
174,soft_tiles
175,hard_tiles_large_space
176,soft_pvc
177,tiled
178,concrete
179,fine_concrete
180,tiled
181,carpet
182,concrete
183,soft_tiles
184,tiled
185,tiled
186,concrete
187,soft_tiles
188,soft_tiles
189,wood
190,concrete
191,wood
192,soft_pvc
193,tiled
194,soft_pvc
195,carpet
196,wood
197,carpet
198,concrete
199,soft_tiles
200,concrete
201,soft_pvc
202,carpet
203,carpet
204,fine_concrete
205,soft_pvc
206,soft_tiles
207,wood
208,soft_pvc
209,hard_tiles_large_space
210,soft_tiles
211,wood
212,soft_tiles
213,soft_pvc
214,wood
215,soft_tiles
216,soft_tiles
217,wood
218,carpet
219,tiled
220,soft_pvc
221,soft_pvc
222,tiled
223,concrete
224,carpet
225,soft_pvc
226,hard_tiles
227,soft_pvc
228,soft_pvc
229,tiled
230,hard_tiles
231,concrete
232,tiled
233,soft_tiles
234,soft_pvc
235,soft_tiles
236,concrete
237,carpet
238,hard_tiles_large_space
239,carpet
240,carpet
241,tiled
242,concrete
243,soft_tiles
244,fine_concrete
245,tiled
246,wood
247,carpet
248,carpet
249,concrete
250,hard_tiles_large_space
251,hard_tiles
252,tiled
253,hard_tiles_large_space
254,concrete
255,soft_tiles
256,soft_pvc
257,soft_tiles
258,carpet
259,soft_tiles
260,soft_tiles
261,carpet
262,soft_tiles
263,tiled
264,hard_tiles_large_space
265,soft_tiles
266,tiled
267,concrete
268,tiled
269,soft_pvc
270,carpet
271,fine_concrete
272,carpet
273,hard_tiles
274,soft_pvc
275,hard_tiles_large_space
276,concrete
277,wood
278,soft_pvc
279,carpet
280,tiled
281,wood
282,carpet
283,wood
284,soft_tiles
285,soft_tiles
286,soft_tiles
287,hard_tiles_large_space
288,tiled
289,soft_pvc
290,soft_pvc
291,soft_tiles
292,carpet
293,soft_tiles
294,hard_tiles_large_space
295,concrete
296,carpet
297,tiled
298,fine_concrete
299,concrete
300,hard_tiles
301,hard_tiles
302,hard_tiles
303,tiled
304,hard_tiles_large_space
305,soft_pvc
306,concrete
307,hard_tiles_large_space
308,tiled
309,tiled
310,soft_pvc
311,carpet
312,wood
313,wood
314,soft_pvc
315,wood
316,soft_pvc
317,soft_tiles
318,tiled
319,soft_pvc
320,hard_tiles_large_space
321,soft_pvc
322,carpet
323,carpet
324,concrete
325,wood
326,tiled
327,soft_tiles
328,concrete
329,wood
330,tiled
331,fine_concrete
332,tiled
333,soft_tiles
334,hard_tiles_large_space
335,tiled
336,tiled
337,hard_tiles_large_space
338,carpet
339,wood
340,carpet
341,soft_tiles
342,carpet
343,hard_tiles
344,soft_tiles
345,hard_tiles_large_space
346,carpet
347,wood
348,tiled
349,hard_tiles
350,soft_pvc
351,soft_pvc
352,tiled
353,wood
354,wood
355,concrete
356,soft_tiles
357,soft_tiles
358,tiled
359,hard_tiles
360,hard_tiles_large_space
361,hard_tiles_large_space
362,tiled
363,soft_tiles
364,hard_tiles_large_space
365,carpet
366,carpet
367,wood
368,fine_concrete
369,tiled
370,hard_tiles_large_space
371,wood
372,carpet
373,tiled
374,hard_tiles
375,wood
376,soft_tiles
377,carpet
378,tiled
379,tiled
380,tiled
381,soft_tiles
382,wood
383,soft_tiles
384,hard_tiles
385,tiled
386,concrete
387,soft_tiles
388,concrete
389,soft_pvc
390,fine_concrete
391,hard_tiles
392,soft_pvc
393,soft_tiles
394,concrete
395,fine_concrete
396,fine_concrete
397,soft_pvc
398,tiled
399,soft_tiles
400,wood
401,soft_pvc
402,wood
403,soft_tiles
404,soft_tiles
405,soft_tiles
406,wood
407,fine_concrete
408,tiled
409,soft_pvc
410,tiled
411,wood
412,tiled
413,soft_tiles
414,wood
415,hard_tiles_large_space
416,soft_pvc
417,soft_tiles
418,hard_tiles
419,tiled
420,soft_tiles
421,wood
422,hard_tiles_large_space
423,carpet
424,soft_pvc
425,soft_tiles
426,wood
427,hard_tiles
428,tiled
429,tiled
430,hard_tiles_large_space
431,tiled
432,soft_pvc
433,concrete
434,soft_tiles
435,wood
436,tiled
437,soft_tiles
438,carpet
439,concrete
440,soft_tiles
441,fine_concrete
442,carpet
443,soft_tiles
444,wood
445,soft_pvc
446,concrete
447,wood
448,hard_tiles
449,wood
450,soft_pvc
451,concrete
452,wood
453,tiled
454,soft_tiles
455,concrete
456,soft_pvc
457,soft_pvc
458,soft_pvc
459,soft_pvc
460,soft_tiles
461,wood
462,tiled
463,tiled
464,concrete
465,concrete
466,fine_concrete
467,carpet
468,soft_tiles
469,soft_tiles
470,soft_tiles
471,soft_tiles
472,hard_tiles_large_space
473,tiled
474,tiled
475,hard_tiles
476,wood
477,fine_concrete
478,soft_tiles
479,concrete
480,soft_tiles
481,concrete
482,concrete
483,hard_tiles_large_space
484,wood
485,carpet
486,carpet
487,concrete
488,concrete
489,tiled
490,wood
491,soft_tiles
492,hard_tiles_large_space
493,soft_pvc
494,fine_concrete
495,wood
496,soft_tiles
497,fine_concrete
498,tiled
499,tiled
500,tiled
501,wood
502,concrete
503,tiled
504,wood
505,fine_concrete
506,hard_tiles_large_space
507,hard_tiles_large_space
508,wood
509,hard_tiles
510,soft_tiles
511,soft_pvc
512,soft_tiles
513,soft_tiles
514,fine_concrete
515,concrete
516,concrete
517,hard_tiles
518,concrete
519,soft_tiles
520,tiled
521,soft_pvc
522,soft_pvc
523,wood
524,concrete
525,soft_tiles
526,wood
527,soft_pvc
528,concrete
529,carpet
530,fine_concrete
531,soft_pvc
532,soft_pvc
533,soft_tiles
534,hard_tiles_large_space
535,tiled
536,carpet
537,soft_tiles
538,soft_tiles
539,carpet
540,fine_concrete
541,soft_tiles
542,carpet
543,concrete
544,soft_pvc
545,wood
546,wood
547,carpet
548,fine_concrete
549,hard_tiles_large_space
550,soft_tiles
551,soft_tiles
552,carpet
553,hard_tiles_large_space
554,hard_tiles
555,tiled
556,wood
557,wood
558,wood
559,soft_pvc
560,hard_tiles
561,soft_pvc
562,tiled
563,wood
564,soft_tiles
565,hard_tiles_large_space
566,tiled
567,hard_tiles_large_space
568,wood
569,wood
570,concrete
571,wood
572,wood
573,soft_pvc
574,soft_pvc
575,hard_tiles
576,tiled
577,soft_pvc
578,fine_concrete
579,tiled
580,soft_tiles
581,tiled
582,tiled
583,soft_pvc
584,soft_pvc
585,carpet
586,soft_tiles
587,soft_pvc
588,soft_pvc
589,concrete
590,concrete
591,hard_tiles_large_space
592,soft_pvc
593,tiled
594,hard_tiles
595,concrete
596,hard_tiles_large_space
597,wood
598,tiled
599,concrete
600,concrete
601,soft_tiles
602,soft_pvc
603,soft_pvc
604,wood
605,soft_pvc
606,soft_pvc
607,hard_tiles_large_space
608,hard_tiles_large_space
609,soft_pvc
610,fine_concrete
611,soft_tiles
612,fine_concrete
613,soft_pvc
614,soft_pvc
615,concrete
616,hard_tiles_large_space
617,hard_tiles_large_space
618,tiled
619,soft_pvc
620,tiled
621,soft_pvc
622,fine_concrete
623,wood
624,soft_tiles
625,soft_tiles
626,concrete
627,soft_pvc
628,soft_pvc
629,soft_tiles
630,soft_pvc
631,soft_pvc
632,wood
633,fine_concrete
634,carpet
635,soft_tiles
636,carpet
637,tiled
638,soft_pvc
639,tiled
640,soft_pvc
641,soft_pvc
642,tiled
643,tiled
644,fine_concrete
645,carpet
646,hard_tiles
647,tiled
648,soft_pvc
649,tiled
650,soft_tiles
651,soft_tiles
652,soft_tiles
653,wood
654,tiled
655,wood
656,concrete
657,wood
658,carpet
659,tiled
660,concrete
661,carpet
662,soft_pvc
663,carpet
664,tiled
665,hard_tiles_large_space
666,soft_tiles
667,hard_tiles
668,soft_pvc
669,soft_tiles
670,soft_pvc
671,concrete
672,hard_tiles_large_space
673,carpet
674,wood
675,wood
676,soft_tiles
677,carpet
678,fine_concrete
679,wood
680,carpet
681,fine_concrete
682,soft_tiles
683,wood
684,soft_pvc
685,wood
686,wood
687,hard_tiles_large_space
688,soft_pvc
689,wood
690,hard_tiles_large_space
691,soft_pvc
692,soft_pvc
693,wood
694,wood
695,hard_tiles
696,soft_tiles
697,wood
698,soft_tiles
699,fine_concrete
700,wood
701,hard_tiles_large_space
702,carpet
703,hard_tiles_large_space
704,soft_tiles
705,wood
706,tiled
707,carpet
708,wood
709,concrete
710,soft_tiles
711,hard_tiles_large_space
712,hard_tiles_large_space
713,wood
714,wood
715,fine_concrete
716,tiled
717,concrete
718,tiled
719,hard_tiles
720,soft_pvc
721,wood
722,hard_tiles
723,tiled
724,soft_tiles
725,concrete
726,concrete
727,wood
728,fine_concrete
729,concrete
730,concrete
731,hard_tiles_large_space
732,hard_tiles_large_space
733,fine_concrete
734,carpet
735,tiled
736,soft_tiles
737,hard_tiles_large_space
738,wood
739,fine_concrete
740,soft_tiles
741,soft_tiles
742,tiled
743,wood
744,soft_pvc
745,carpet
746,tiled
747,tiled
748,wood
749,soft_pvc
750,hard_tiles
751,soft_tiles
752,soft_pvc
753,soft_tiles
754,soft_pvc
755,tiled
756,concrete
757,soft_tiles
758,hard_tiles
759,carpet
760,carpet
761,soft_pvc
762,hard_tiles_large_space
763,hard_tiles
764,soft_tiles
765,soft_tiles
766,concrete
767,carpet
768,soft_pvc
769,carpet
770,soft_pvc
771,carpet
772,tiled
773,wood
774,hard_tiles_large_space
775,soft_tiles
776,tiled
777,hard_tiles
778,carpet
779,carpet
780,fine_concrete
781,tiled
782,wood
783,soft_tiles
784,soft_pvc
785,hard_tiles_large_space
786,fine_concrete
787,carpet
788,soft_tiles
789,soft_tiles
790,wood
791,wood
792,wood
793,hard_tiles_large_space
794,concrete
795,wood
796,wood
797,soft_pvc
798,wood
799,concrete
800,hard_tiles
801,concrete
802,soft_tiles
803,soft_pvc
804,hard_tiles_large_space
805,soft_pvc
806,soft_tiles
807,soft_pvc
808,carpet
809,carpet
810,soft_pvc
811,tiled
812,soft_tiles
813,tiled
814,soft_tiles
815,soft_pvc
816,hard_tiles
817,soft_pvc
818,wood
819,concrete
820,wood
821,tiled
822,hard_tiles_large_space
823,fine_concrete
824,carpet
825,soft_tiles
826,hard_tiles
827,hard_tiles_large_space
828,hard_tiles
829,soft_tiles
830,soft_pvc
831,concrete
832,hard_tiles_large_space
833,wood
834,wood
835,carpet
836,soft_pvc
837,soft_pvc
838,wood
839,tiled
840,soft_pvc
841,carpet
842,hard_tiles_large_space
843,carpet
844,hard_tiles
845,hard_tiles_large_space
846,fine_concrete
847,tiled
848,concrete
849,hard_tiles
850,soft_tiles
851,fine_concrete
852,soft_tiles
853,carpet
854,tiled
855,hard_tiles_large_space
856,tiled
857,hard_tiles
858,hard_tiles_large_space
859,soft_tiles
860,hard_tiles
861,soft_tiles
862,soft_pvc
863,hard_tiles_large_space
864,hard_tiles_large_space
865,carpet
866,soft_tiles
867,soft_pvc
868,carpet
869,soft_pvc
870,soft_tiles
871,soft_pvc
872,tiled
873,carpet
874,soft_pvc
875,tiled
876,hard_tiles_large_space
877,concrete
878,tiled
879,soft_tiles
880,soft_pvc
881,wood
882,soft_tiles
883,hard_tiles
884,soft_tiles
885,tiled
886,fine_concrete
887,concrete
888,soft_tiles
889,fine_concrete
890,tiled
891,concrete
892,concrete
893,soft_tiles
894,tiled
895,soft_pvc
896,wood
897,hard_tiles_large_space
898,tiled
899,soft_tiles
900,tiled
901,carpet
902,soft_pvc
903,soft_tiles
904,tiled
905,hard_tiles_large_space
906,soft_pvc
907,soft_tiles
908,hard_tiles
909,fine_concrete
910,concrete
911,hard_tiles_large_space
912,tiled
913,tiled
914,carpet
915,hard_tiles
916,wood
917,soft_pvc
918,tiled
919,soft_tiles
920,soft_tiles
921,hard_tiles
922,fine_concrete
923,soft_tiles
924,concrete
925,tiled
926,tiled
927,concrete
928,wood
929,tiled
930,soft_pvc
931,concrete
932,tiled
933,tiled
934,wood
935,carpet
936,concrete
937,hard_tiles
938,hard_tiles
939,hard_tiles
940,tiled
941,carpet
942,wood
943,wood
944,tiled
945,carpet
946,wood
947,soft_tiles
948,carpet
949,concrete
950,soft_pvc
951,soft_pvc
952,tiled
953,soft_tiles
954,carpet
955,tiled
956,wood
957,carpet
958,soft_pvc
959,carpet
960,soft_tiles
961,soft_tiles
962,tiled
963,carpet
964,tiled
965,soft_pvc
966,tiled
967,soft_tiles
968,tiled
969,soft_tiles
970,soft_pvc
971,carpet
972,hard_tiles
973,concrete
974,concrete
975,soft_pvc
976,hard_tiles_large_space
977,soft_pvc
978,tiled
979,hard_tiles_large_space
980,carpet
981,wood
982,wood
983,soft_tiles
984,hard_tiles_large_space
985,wood
986,wood
987,wood
988,tiled
989,soft_pvc
990,wood
991,soft_tiles
992,soft_pvc
993,soft_tiles
994,tiled
995,wood
996,soft_pvc
997,soft_pvc
998,carpet
999,wood
1000,hard_tiles
1001,soft_tiles
1002,concrete
1003,hard_tiles_large_space
1004,soft_tiles
1005,concrete
1006,soft_pvc
1007,hard_tiles_large_space
1008,tiled
1009,tiled
1010,soft_tiles
1011,concrete
1012,soft_tiles
1013,soft_tiles
1014,tiled
1015,hard_tiles_large_space
1016,hard_tiles_large_space
1017,carpet
1018,soft_tiles
1019,soft_tiles
1020,wood
1021,hard_tiles_large_space
1022,tiled
1023,tiled
1024,soft_tiles
1025,soft_pvc
1026,soft_pvc
1027,soft_tiles
1028,soft_tiles
1029,wood
1030,hard_tiles_large_space
1031,hard_tiles_large_space
1032,tiled
1033,soft_pvc
1034,soft_pvc
1035,soft_tiles
1036,soft_pvc
1037,hard_tiles
1038,soft_pvc
1039,soft_pvc
1040,concrete
1041,soft_tiles
1042,tiled
1043,soft_pvc
1044,wood
1045,tiled
1046,carpet
1047,soft_pvc
1048,hard_tiles_large_space
1049,soft_pvc
1050,tiled
1051,soft_tiles
1052,concrete
1053,carpet
1054,soft_pvc
1055,soft_tiles
1056,fine_concrete
1057,carpet
1058,concrete
1059,tiled
1060,soft_tiles
1061,soft_tiles
1062,hard_tiles_large_space
1063,soft_tiles
1064,hard_tiles_large_space
1065,soft_tiles
1066,tiled
1067,concrete
1068,tiled
1069,soft_tiles
1070,hard_tiles_large_space
1071,carpet
1072,hard_tiles
1073,wood
1074,hard_tiles
1075,tiled
1076,wood
1077,wood
1078,hard_tiles
1079,soft_tiles
1080,soft_pvc
1081,tiled
1082,wood
1083,soft_pvc
1084,concrete
1085,hard_tiles_large_space
1086,wood
1087,fine_concrete
1088,wood
1089,soft_pvc
1090,concrete
1091,wood
1092,tiled
1093,tiled
1094,wood
1095,carpet
1096,wood
1097,soft_pvc
1098,concrete
1099,carpet
1100,hard_tiles
1101,fine_concrete
1102,hard_tiles
1103,wood
1104,concrete
1105,tiled
1106,hard_tiles_large_space
1107,concrete
1108,concrete
1109,fine_concrete
1110,soft_tiles
1111,fine_concrete
1112,wood
1113,tiled
1114,soft_pvc
1115,carpet
1116,soft_pvc
1117,soft_pvc
1118,concrete
1119,tiled
1120,carpet
1121,concrete
1122,soft_tiles
1123,soft_tiles
1124,tiled
1125,soft_tiles
1126,tiled
1127,concrete
1128,soft_pvc
1129,tiled
1130,wood
1131,hard_tiles
1132,concrete
1133,tiled
1134,soft_pvc
1135,fine_concrete
1136,concrete
1137,wood
1138,carpet
1139,tiled
1140,soft_tiles
1141,hard_tiles_large_space
1142,concrete
1143,wood
1144,soft_pvc
1145,soft_pvc
1146,soft_tiles
1147,soft_tiles
1148,carpet
1149,soft_pvc
1150,concrete
1151,carpet
1152,soft_pvc
1153,concrete
1154,soft_pvc
1155,tiled
1156,soft_pvc
1157,tiled
1158,carpet
1159,soft_pvc
1160,soft_tiles
1161,tiled
1162,carpet
1163,carpet
1164,soft_pvc
1165,concrete
1166,soft_tiles
1167,hard_tiles
1168,wood
1169,carpet
1170,hard_tiles_large_space
1171,wood
1172,tiled
1173,carpet
1174,soft_tiles
1175,wood
1176,hard_tiles_large_space
1177,hard_tiles
1178,wood
1179,soft_tiles
1180,tiled
1181,soft_pvc
1182,soft_pvc
1183,wood
1184,hard_tiles_large_space
1185,hard_tiles_large_space
1186,hard_tiles_large_space
1187,hard_tiles_large_space
1188,hard_tiles_large_space
1189,soft_tiles
1190,wood
1191,fine_concrete
1192,tiled
1193,soft_tiles
1194,hard_tiles
1195,carpet
1196,wood
1197,concrete
1198,wood
1199,carpet
1200,concrete
1201,hard_tiles_large_space
1202,soft_pvc
1203,tiled
1204,carpet
1205,carpet
1206,soft_pvc
1207,soft_pvc
1208,tiled
1209,soft_pvc
1210,wood
1211,carpet
1212,carpet
1213,concrete
1214,wood
1215,wood
1216,soft_pvc
1217,soft_tiles
1218,soft_tiles
1219,soft_tiles
1220,soft_pvc
1221,wood
1222,soft_pvc
1223,carpet
1224,soft_tiles
1225,hard_tiles
1226,wood
1227,hard_tiles
1228,wood
1229,hard_tiles
1230,wood
1231,hard_tiles_large_space
1232,soft_pvc
1233,carpet
1234,hard_tiles_large_space
1235,wood
1236,soft_pvc
1237,hard_tiles_large_space
1238,hard_tiles_large_space
1239,tiled
1240,tiled
1241,wood
1242,hard_tiles_large_space
1243,tiled
1244,soft_pvc
1245,tiled
1246,hard_tiles
1247,tiled
1248,hard_tiles_large_space
1249,carpet
1250,carpet
1251,carpet
1252,tiled
1253,soft_pvc
1254,soft_tiles
1255,hard_tiles_large_space
1256,soft_tiles
1257,wood
1258,soft_pvc
1259,soft_tiles
1260,wood
1261,carpet
1262,hard_tiles
1263,soft_pvc
1264,tiled
1265,soft_tiles
1266,hard_tiles_large_space
1267,soft_pvc
1268,soft_tiles
1269,soft_pvc
1270,carpet
1271,concrete
1272,fine_concrete
1273,wood
1274,soft_tiles
1275,carpet
1276,wood
1277,carpet
1278,tiled
1279,soft_tiles
1280,tiled
1281,wood
1282,tiled
1283,soft_pvc
1284,carpet
1285,concrete
1286,tiled
1287,hard_tiles_large_space
1288,hard_tiles
1289,wood
1290,carpet
1291,wood
1292,hard_tiles
1293,tiled
1294,hard_tiles_large_space
1295,tiled
1296,wood
1297,tiled
1298,hard_tiles_large_space
1299,soft_pvc
1300,concrete
1301,concrete
1302,soft_pvc
1303,hard_tiles
1304,hard_tiles_large_space
1305,soft_pvc
1306,hard_tiles_large_space
1307,hard_tiles_large_space
1308,carpet
1309,concrete
1310,carpet
1311,soft_pvc
1312,carpet
1313,hard_tiles_large_space
1314,soft_tiles
1315,hard_tiles
1316,concrete
1317,soft_pvc
1318,wood
1319,tiled
1320,tiled
1321,soft_pvc
1322,tiled
1323,soft_pvc
1324,soft_tiles
1325,tiled
1326,tiled
1327,carpet
1328,soft_pvc
1329,hard_tiles_large_space
1330,tiled
1331,soft_tiles
1332,carpet
1333,soft_pvc
1334,tiled
1335,concrete
1336,hard_tiles
1337,soft_pvc
1338,soft_pvc
1339,soft_tiles
1340,fine_concrete
1341,carpet
1342,wood
1343,soft_tiles
1344,concrete
1345,soft_pvc
1346,carpet
1347,fine_concrete
1348,tiled
1349,soft_pvc
1350,hard_tiles_large_space
1351,concrete
1352,soft_pvc
1353,soft_pvc
1354,soft_tiles
1355,tiled
1356,soft_tiles
1357,carpet
1358,soft_tiles
1359,wood
1360,carpet
1361,hard_tiles_large_space
1362,hard_tiles_large_space
1363,soft_tiles
1364,hard_tiles_large_space
1365,fine_concrete
1366,hard_tiles
1367,soft_tiles
1368,concrete
1369,soft_pvc
1370,concrete
1371,hard_tiles_large_space
1372,wood
1373,soft_tiles
1374,soft_tiles
1375,concrete
1376,concrete
1377,tiled
1378,wood
1379,hard_tiles
1380,hard_tiles_large_space
1381,tiled
1382,soft_tiles
1383,hard_tiles_large_space
1384,hard_tiles_large_space
1385,wood
1386,tiled
1387,carpet
1388,wood
1389,tiled
1390,concrete
1391,tiled
1392,carpet
1393,concrete
1394,hard_tiles_large_space
1395,fine_concrete
1396,tiled
1397,carpet
1398,carpet
1399,soft_pvc
1400,wood
1401,soft_pvc
1402,soft_tiles
1403,soft_tiles
1404,soft_tiles
1405,hard_tiles_large_space
1406,concrete
1407,hard_tiles
1408,tiled
1409,soft_tiles
1410,tiled
1411,hard_tiles
1412,tiled
1413,soft_tiles
1414,soft_pvc
1415,hard_tiles
1416,soft_pvc
1417,soft_tiles
1418,hard_tiles
1419,carpet
1420,hard_tiles
1421,wood
1422,hard_tiles_large_space
1423,hard_tiles
1424,hard_tiles_large_space
1425,soft_pvc
1426,concrete
1427,fine_concrete
1428,soft_tiles
1429,soft_tiles
1430,wood
1431,tiled
1432,tiled
1433,hard_tiles
1434,carpet
1435,soft_tiles
1436,concrete
1437,tiled
1438,wood
1439,soft_tiles
1440,hard_tiles
1441,soft_pvc
1442,concrete
1443,tiled
1444,soft_pvc
1445,hard_tiles
1446,hard_tiles_large_space
1447,hard_tiles_large_space
1448,tiled
1449,carpet
1450,fine_concrete
1451,hard_tiles
1452,soft_tiles
1453,tiled
1454,wood
1455,soft_pvc
1456,carpet
1457,fine_concrete
1458,concrete
1459,concrete
1460,soft_tiles
1461,soft_tiles
1462,hard_tiles_large_space
1463,soft_tiles
1464,carpet
1465,concrete
1466,concrete
1467,wood
1468,soft_pvc
1469,hard_tiles
1470,wood
1471,concrete
1472,soft_tiles
1473,tiled
1474,carpet
1475,tiled
1476,concrete
1477,soft_pvc
1478,soft_tiles
1479,concrete
1480,hard_tiles_large_space
1481,hard_tiles_large_space
1482,soft_pvc
1483,soft_pvc
1484,soft_pvc
1485,carpet
1486,soft_tiles
1487,concrete
1488,tiled
1489,wood
1490,wood
1491,wood
1492,concrete
1493,soft_pvc
1494,tiled
1495,soft_tiles
1496,wood
1497,tiled
1498,concrete
1499,tiled
1500,soft_pvc
1501,fine_concrete
1502,carpet
1503,hard_tiles_large_space
1504,tiled
1505,wood
1506,carpet
1507,concrete
1508,wood
1509,hard_tiles
1510,wood
1511,hard_tiles_large_space
1512,concrete
1513,wood
1514,hard_tiles_large_space
1515,hard_tiles
1516,soft_tiles
1517,hard_tiles
1518,carpet
1519,soft_pvc
1520,hard_tiles
1521,wood
1522,soft_tiles
1523,soft_pvc
1524,tiled
1525,wood
1526,hard_tiles_large_space
1527,concrete
1528,wood
1529,soft_pvc
1530,soft_tiles
1531,fine_concrete
1532,hard_tiles_large_space
1533,soft_pvc
1534,tiled
1535,soft_tiles
1536,tiled
1537,hard_tiles
1538,tiled
1539,tiled
1540,hard_tiles_large_space
1541,soft_tiles
1542,tiled
1543,soft_tiles
1544,soft_tiles
1545,soft_pvc
1546,soft_tiles
1547,soft_pvc
1548,soft_pvc
1549,tiled
1550,wood
1551,tiled
1552,hard_tiles
1553,tiled
1554,concrete
1555,hard_tiles_large_space
1556,wood
1557,tiled
1558,tiled
1559,soft_tiles
1560,hard_tiles
1561,hard_tiles
1562,hard_tiles_large_space
1563,hard_tiles_large_space
1564,wood
1565,hard_tiles_large_space
1566,soft_tiles
1567,hard_tiles_large_space
1568,hard_tiles
1569,soft_pvc
1570,fine_concrete
1571,tiled
1572,soft_tiles
1573,hard_tiles_large_space
1574,hard_tiles_large_space
1575,fine_concrete
1576,soft_tiles
1577,soft_pvc
1578,tiled
1579,carpet
1580,hard_tiles
1581,wood
1582,tiled
1583,soft_tiles
1584,concrete
1585,tiled
1586,hard_tiles_large_space
1587,carpet
1588,hard_tiles_large_space
1589,tiled
1590,wood
1591,wood
1592,hard_tiles
1593,soft_tiles
1594,soft_tiles
1595,tiled
1596,tiled
1597,soft_tiles
1598,carpet
1599,tiled
1600,carpet
1601,carpet
1602,soft_tiles
1603,soft_pvc
1604,soft_tiles
1605,soft_pvc
1606,concrete
1607,tiled
1608,concrete
1609,wood
1610,carpet
1611,carpet
1612,tiled
1613,soft_pvc
1614,soft_tiles
1615,carpet
1616,soft_pvc
1617,tiled
1618,carpet
1619,soft_pvc
1620,soft_tiles
1621,tiled
1622,concrete
1623,soft_tiles
1624,hard_tiles
1625,soft_pvc
1626,soft_tiles
1627,carpet
1628,hard_tiles_large_space
1629,hard_tiles
1630,soft_tiles
1631,soft_tiles
1632,wood
1633,soft_pvc
1634,wood
1635,hard_tiles
1636,hard_tiles
1637,soft_pvc
1638,concrete
1639,soft_pvc
1640,wood
1641,carpet
1642,carpet
1643,soft_pvc
1644,tiled
1645,carpet
1646,soft_tiles
1647,tiled
1648,soft_pvc
1649,wood
1650,soft_tiles
1651,hard_tiles_large_space
1652,hard_tiles_large_space
1653,soft_pvc
1654,hard_tiles
1655,wood
1656,soft_tiles
1657,wood
1658,soft_pvc
1659,wood
1660,soft_pvc
1661,carpet
1662,concrete
1663,hard_tiles_large_space
1664,soft_pvc
1665,carpet
1666,hard_tiles
1667,tiled
1668,concrete
1669,concrete
1670,concrete
1671,hard_tiles_large_space
1672,wood
1673,soft_tiles
1674,soft_tiles
1675,soft_tiles
1676,soft_pvc
1677,soft_tiles
1678,soft_tiles
1679,tiled
1680,soft_pvc
1681,tiled
1682,fine_concrete
1683,hard_tiles_large_space
1684,concrete
1685,concrete
1686,hard_tiles_large_space
1687,fine_concrete
1688,soft_tiles
1689,soft_pvc
1690,tiled
1691,soft_pvc
1692,fine_concrete
1693,concrete
1694,wood
1695,wood
1696,hard_tiles_large_space
1697,carpet
1698,concrete
1699,soft_pvc
1700,carpet
1701,hard_tiles
1702,soft_tiles
1703,tiled
1704,soft_tiles
1705,fine_concrete
1706,soft_tiles
1707,carpet
1708,concrete
1709,hard_tiles_large_space
1710,soft_pvc
1711,soft_tiles
1712,tiled
1713,tiled
1714,concrete
1715,tiled
1716,carpet
1717,wood
1718,soft_tiles
1719,carpet
1720,fine_concrete
1721,fine_concrete
1722,tiled
1723,hard_tiles
1724,tiled
1725,soft_tiles
1726,fine_concrete
1727,hard_tiles
1728,soft_pvc
1729,tiled
1730,carpet
1731,soft_pvc
1732,tiled
1733,hard_tiles_large_space
1734,soft_pvc
1735,hard_tiles_large_space
1736,soft_tiles
1737,fine_concrete
1738,concrete
1739,hard_tiles_large_space
1740,concrete
1741,concrete
1742,hard_tiles_large_space
1743,carpet
1744,hard_tiles_large_space
1745,soft_pvc
1746,wood
1747,soft_tiles
1748,soft_pvc
1749,fine_concrete
1750,soft_pvc
1751,soft_tiles
1752,hard_tiles_large_space
1753,concrete
1754,tiled
1755,concrete
1756,hard_tiles_large_space
1757,soft_tiles
1758,tiled
1759,soft_tiles
1760,hard_tiles_large_space
1761,concrete
1762,wood
1763,wood
1764,concrete
1765,tiled
1766,fine_concrete
1767,tiled
1768,soft_tiles
1769,tiled
1770,fine_concrete
1771,concrete
1772,soft_pvc
1773,tiled
1774,soft_pvc
1775,carpet
1776,soft_tiles
1777,tiled
1778,concrete
1779,soft_tiles
1780,soft_tiles
1781,wood
1782,wood
1783,hard_tiles
1784,soft_pvc
1785,soft_tiles
1786,hard_tiles
1787,carpet
1788,tiled
1789,soft_pvc
1790,hard_tiles
1791,soft_tiles
1792,concrete
1793,wood
1794,hard_tiles_large_space
1795,soft_pvc
1796,hard_tiles_large_space
1797,concrete
1798,tiled
1799,soft_tiles
1800,hard_tiles_large_space
1801,soft_pvc
1802,soft_pvc
1803,wood
1804,concrete
1805,carpet
1806,concrete
1807,carpet
1808,hard_tiles
1809,soft_pvc
1810,carpet
1811,hard_tiles
1812,concrete
1813,hard_tiles_large_space
1814,tiled
1815,wood
1816,hard_tiles
1817,soft_tiles
1818,soft_pvc
1819,concrete
1820,wood
1821,concrete
1822,soft_tiles
1823,soft_pvc
1824,wood
1825,soft_pvc
1826,hard_tiles
1827,tiled
1828,soft_tiles
1829,hard_tiles_large_space
1830,carpet
1831,hard_tiles
1832,wood
1833,tiled
1834,fine_concrete
1835,tiled
1836,carpet
1837,soft_pvc
1838,soft_tiles
1839,tiled
1840,hard_tiles
1841,concrete
1842,fine_concrete
1843,hard_tiles_large_space
1844,concrete
1845,hard_tiles
1846,concrete
1847,wood
1848,wood
1849,soft_pvc
1850,tiled
1851,fine_concrete
1852,soft_tiles
1853,wood
1854,fine_concrete
1855,concrete
1856,concrete
1857,soft_tiles
1858,hard_tiles
1859,tiled
1860,tiled
1861,soft_tiles
1862,tiled
1863,soft_pvc
1864,hard_tiles
1865,concrete
1866,soft_tiles
1867,hard_tiles
1868,soft_tiles
1869,concrete
1870,wood
1871,soft_tiles
1872,hard_tiles
1873,tiled
1874,soft_pvc
1875,soft_pvc
1876,soft_pvc
1877,carpet
1878,soft_tiles
1879,wood
1880,hard_tiles_large_space
1881,tiled
1882,hard_tiles
1883,carpet
1884,carpet
1885,tiled
1886,wood
1887,hard_tiles_large_space
1888,soft_pvc
1889,soft_tiles
1890,concrete
1891,tiled
1892,tiled
1893,soft_pvc
1894,carpet
1895,soft_tiles
1896,concrete
1897,hard_tiles
1898,hard_tiles_large_space
1899,concrete
1900,soft_pvc
1901,hard_tiles
1902,soft_pvc
1903,hard_tiles_large_space
1904,concrete
1905,soft_pvc
1906,hard_tiles_large_space
1907,hard_tiles
1908,tiled
1909,soft_tiles
1910,carpet
1911,soft_tiles
1912,hard_tiles_large_space
1913,concrete
1914,soft_tiles
1915,concrete
1916,wood
1917,soft_tiles
1918,hard_tiles_large_space
1919,fine_concrete
1920,wood
1921,tiled
1922,soft_pvc
1923,carpet
1924,wood
1925,tiled
1926,wood
1927,hard_tiles_large_space
1928,tiled
1929,carpet
1930,hard_tiles_large_space
1931,fine_concrete
1932,soft_pvc
1933,tiled
1934,tiled
1935,carpet
1936,wood
1937,carpet
1938,tiled
1939,soft_tiles
1940,wood
1941,soft_pvc
1942,soft_pvc
1943,wood
1944,hard_tiles_large_space
1945,soft_tiles
1946,soft_tiles
1947,concrete
1948,carpet
1949,wood
1950,soft_pvc
1951,hard_tiles
1952,hard_tiles
1953,soft_tiles
1954,hard_tiles
1955,soft_pvc
1956,soft_pvc
1957,soft_pvc
1958,hard_tiles_large_space
1959,wood
1960,tiled
1961,wood
1962,carpet
1963,hard_tiles
1964,concrete
1965,tiled
1966,concrete
1967,concrete
1968,soft_pvc
1969,wood
1970,hard_tiles
1971,wood
1972,tiled
1973,hard_tiles_large_space
1974,hard_tiles_large_space
1975,soft_tiles
1976,soft_pvc
1977,soft_pvc
1978,tiled
1979,tiled
1980,soft_pvc
1981,tiled
1982,soft_tiles
1983,tiled
1984,carpet
1985,concrete
1986,soft_pvc
1987,wood
1988,soft_pvc
1989,hard_tiles_large_space
1990,carpet
1991,soft_tiles
1992,carpet
1993,soft_tiles
1994,concrete
1995,concrete
1996,tiled
1997,wood
1998,wood
1999,hard_tiles
2000,soft_pvc
2001,soft_pvc
2002,wood
2003,soft_tiles
2004,tiled
2005,carpet
2006,soft_pvc
2007,tiled
2008,soft_pvc
2009,soft_pvc
2010,soft_tiles
2011,tiled
2012,soft_tiles
2013,hard_tiles
2014,soft_pvc
2015,hard_tiles_large_space
2016,wood
2017,soft_tiles
2018,fine_concrete
2019,concrete
2020,fine_concrete
2021,soft_pvc
2022,soft_tiles
2023,carpet
2024,soft_tiles
2025,wood
2026,tiled
2027,hard_tiles_large_space
2028,soft_pvc
2029,carpet
2030,hard_tiles_large_space
2031,soft_pvc
2032,wood
2033,hard_tiles_large_space
2034,carpet
2035,wood
2036,tiled
2037,hard_tiles
2038,carpet
2039,hard_tiles_large_space
2040,carpet
2041,soft_tiles
2042,tiled
2043,tiled
2044,hard_tiles_large_space
2045,tiled
2046,carpet
2047,tiled
2048,wood
2049,tiled
2050,concrete
2051,wood
2052,carpet
2053,soft_pvc
2054,hard_tiles
2055,wood
2056,fine_concrete
2057,soft_tiles
2058,tiled
2059,concrete
2060,concrete
2061,hard_tiles
2062,tiled
2063,soft_tiles
2064,soft_pvc
2065,soft_pvc
2066,carpet
2067,soft_pvc
2068,tiled
2069,concrete
2070,tiled
2071,wood
2072,tiled
2073,carpet
2074,wood
2075,tiled
2076,tiled
2077,carpet
2078,hard_tiles
2079,fine_concrete
2080,tiled
2081,soft_tiles
2082,soft_tiles
2083,tiled
2084,hard_tiles_large_space
2085,concrete
2086,soft_tiles
2087,hard_tiles
2088,soft_pvc
2089,wood
2090,fine_concrete
2091,wood
2092,carpet
2093,soft_pvc
2094,wood
2095,hard_tiles
2096,soft_pvc
2097,concrete
2098,carpet
2099,tiled
2100,concrete
2101,fine_concrete
2102,tiled
2103,tiled
2104,carpet
2105,soft_tiles
2106,concrete
2107,soft_pvc
2108,hard_tiles_large_space
2109,concrete
2110,tiled
2111,soft_pvc
2112,carpet
2113,fine_concrete
2114,soft_tiles
2115,soft_tiles
2116,tiled
2117,concrete
2118,tiled
2119,concrete
2120,tiled
2121,wood
2122,carpet
2123,wood
2124,carpet
2125,carpet
2126,soft_tiles
2127,hard_tiles_large_space
2128,tiled
2129,carpet
2130,wood
2131,soft_tiles
2132,tiled
2133,concrete
2134,wood
2135,carpet
2136,concrete
2137,hard_tiles
2138,hard_tiles_large_space
2139,concrete
2140,hard_tiles_large_space
2141,soft_pvc
2142,concrete
2143,tiled
2144,soft_tiles
2145,wood
2146,soft_tiles
2147,soft_tiles
2148,tiled
2149,soft_pvc
2150,soft_pvc
2151,carpet
2152,tiled
2153,wood
2154,fine_concrete
2155,soft_tiles
2156,soft_pvc
2157,soft_pvc
2158,soft_tiles
2159,wood
2160,soft_tiles
2161,soft_tiles
2162,concrete
2163,soft_pvc
2164,concrete
2165,carpet
2166,soft_pvc
2167,hard_tiles_large_space
2168,soft_pvc
2169,hard_tiles_large_space
2170,soft_tiles
2171,wood
2172,soft_pvc
2173,soft_tiles
2174,soft_pvc
2175,wood
2176,tiled
2177,concrete
2178,soft_pvc
2179,tiled
2180,hard_tiles_large_space
2181,soft_pvc
2182,concrete
2183,wood
2184,concrete
2185,tiled
2186,fine_concrete
2187,wood
2188,soft_tiles
2189,soft_pvc
2190,tiled
2191,carpet
2192,hard_tiles_large_space
2193,wood
2194,soft_tiles
2195,carpet
2196,soft_tiles
2197,soft_pvc
2198,soft_pvc
2199,carpet
2200,soft_tiles
2201,soft_tiles
2202,tiled
2203,carpet
2204,soft_pvc
2205,tiled
2206,soft_pvc
2207,soft_tiles
2208,hard_tiles
2209,tiled
2210,concrete
2211,soft_tiles
2212,tiled
2213,soft_tiles
2214,soft_tiles
2215,concrete
2216,tiled
2217,soft_tiles
2218,hard_tiles
2219,wood
2220,fine_concrete
2221,carpet
2222,tiled
2223,soft_pvc
2224,tiled
2225,tiled
2226,soft_tiles
2227,hard_tiles
2228,hard_tiles
2229,soft_pvc
2230,tiled
2231,wood
2232,soft_pvc
2233,soft_pvc
2234,fine_concrete
2235,hard_tiles_large_space
2236,hard_tiles
2237,wood
2238,soft_pvc
2239,fine_concrete
2240,wood
2241,tiled
2242,hard_tiles_large_space
2243,hard_tiles_large_space
2244,soft_pvc
2245,soft_tiles
2246,wood
2247,concrete
2248,carpet
2249,tiled
2250,soft_tiles
2251,soft_tiles
2252,soft_tiles
2253,concrete
2254,wood
2255,soft_pvc
2256,hard_tiles_large_space
2257,hard_tiles_large_space
2258,soft_tiles
2259,fine_concrete
2260,soft_pvc
2261,wood
2262,wood
2263,soft_tiles
2264,hard_tiles
2265,tiled
2266,soft_pvc
2267,hard_tiles_large_space
2268,soft_tiles
2269,hard_tiles
2270,soft_pvc
2271,hard_tiles
2272,soft_tiles
2273,concrete
2274,carpet
2275,soft_pvc
2276,concrete
2277,hard_tiles_large_space
2278,wood
2279,wood
2280,concrete
2281,concrete
2282,concrete
2283,concrete
2284,wood
2285,tiled
2286,soft_tiles
2287,tiled
2288,fine_concrete
2289,hard_tiles_large_space
2290,hard_tiles_large_space
2291,tiled
2292,tiled
2293,soft_pvc
2294,hard_tiles
2295,soft_pvc
2296,wood
2297,soft_tiles
2298,wood
2299,soft_pvc
2300,soft_pvc
2301,tiled
2302,soft_pvc
2303,soft_pvc
2304,wood
2305,soft_pvc
2306,carpet
2307,tiled
2308,soft_pvc
2309,carpet
2310,soft_pvc
2311,tiled
2312,fine_concrete
2313,soft_tiles
2314,soft_tiles
2315,wood
2316,hard_tiles
2317,soft_pvc
2318,hard_tiles_large_space
2319,soft_pvc
2320,fine_concrete
2321,hard_tiles
2322,wood
2323,soft_pvc
2324,hard_tiles_large_space
2325,hard_tiles_large_space
2326,fine_concrete
2327,carpet
2328,soft_pvc
2329,wood
2330,soft_pvc
2331,soft_pvc
2332,soft_tiles
2333,soft_pvc
2334,hard_tiles
2335,wood
2336,hard_tiles_large_space
2337,soft_tiles
2338,soft_pvc
2339,carpet
2340,hard_tiles_large_space
2341,carpet
2342,soft_pvc
2343,hard_tiles_large_space
2344,soft_pvc
2345,soft_tiles
2346,concrete
2347,soft_tiles
2348,hard_tiles_large_space
2349,tiled
2350,hard_tiles
2351,hard_tiles_large_space
2352,soft_tiles
2353,wood
2354,soft_pvc
2355,soft_tiles
2356,concrete
2357,soft_tiles
2358,hard_tiles
2359,wood
2360,hard_tiles_large_space
2361,wood
2362,hard_tiles_large_space
2363,tiled
2364,fine_concrete
2365,wood
2366,carpet
2367,soft_tiles
2368,wood
2369,hard_tiles
2370,soft_tiles
2371,soft_pvc
2372,wood
2373,hard_tiles_large_space
2374,carpet
2375,fine_concrete
2376,fine_concrete
2377,tiled
2378,wood
2379,soft_pvc
2380,tiled
2381,soft_pvc
2382,tiled
2383,carpet
2384,soft_tiles
2385,carpet
2386,tiled
2387,concrete
2388,hard_tiles
2389,fine_concrete
2390,hard_tiles
2391,hard_tiles
2392,wood
2393,carpet
2394,soft_tiles
2395,soft_pvc
2396,tiled
2397,concrete
2398,soft_pvc
2399,soft_tiles
2400,tiled
2401,hard_tiles_large_space
2402,hard_tiles
2403,wood
2404,tiled
2405,tiled
2406,fine_concrete
2407,fine_concrete
2408,carpet
2409,tiled
2410,soft_tiles
2411,wood
2412,concrete
2413,tiled
2414,wood
2415,carpet
2416,wood
2417,hard_tiles_large_space
2418,soft_pvc
2419,soft_pvc
2420,soft_tiles
2421,soft_tiles
2422,tiled
2423,carpet
2424,soft_tiles
2425,soft_tiles
2426,wood
2427,hard_tiles_large_space
2428,tiled
2429,wood
2430,carpet
2431,tiled
2432,carpet
2433,tiled
2434,concrete
2435,soft_pvc
2436,carpet
2437,fine_concrete
2438,soft_pvc
2439,fine_concrete
2440,tiled
2441,soft_pvc
2442,hard_tiles_large_space
2443,soft_pvc
2444,hard_tiles_large_space
2445,carpet
2446,tiled
2447,soft_tiles
2448,tiled
2449,soft_pvc
2450,concrete
2451,tiled
2452,concrete
2453,soft_pvc
2454,concrete
2455,soft_tiles
2456,hard_tiles_large_space
2457,tiled
2458,fine_concrete
2459,carpet
2460,soft_pvc
2461,wood
2462,soft_pvc
2463,hard_tiles_large_space
2464,wood
2465,hard_tiles
2466,wood
2467,soft_pvc
2468,concrete
2469,carpet
2470,wood
2471,soft_tiles
2472,soft_pvc
2473,hard_tiles_large_space
2474,soft_tiles
2475,soft_pvc
2476,hard_tiles_large_space
2477,wood
2478,concrete
2479,soft_pvc
2480,tiled
2481,carpet
2482,carpet
2483,hard_tiles
2484,wood
2485,concrete
2486,soft_tiles
2487,soft_pvc
2488,hard_tiles_large_space
2489,tiled
2490,concrete
2491,hard_tiles_large_space
2492,soft_tiles
2493,tiled
2494,carpet
2495,carpet
2496,soft_tiles
2497,soft_tiles
2498,carpet
2499,carpet
2500,soft_tiles
2501,soft_pvc
2502,hard_tiles
2503,wood
2504,soft_tiles
2505,soft_tiles
2506,tiled
2507,tiled
2508,hard_tiles_large_space
2509,wood
2510,wood
2511,wood
2512,wood
2513,soft_tiles
2514,tiled
2515,hard_tiles
2516,soft_pvc
2517,hard_tiles
2518,wood
2519,concrete
2520,carpet
2521,fine_concrete
2522,soft_pvc
2523,wood
2524,fine_concrete
2525,soft_pvc
2526,hard_tiles
2527,concrete
2528,wood
2529,hard_tiles
2530,wood
2531,soft_tiles
2532,soft_tiles
2533,carpet
2534,hard_tiles_large_space
2535,carpet
2536,tiled
2537,soft_tiles
2538,soft_tiles
2539,soft_pvc
2540,tiled
2541,hard_tiles_large_space
2542,soft_pvc
2543,tiled
2544,hard_tiles_large_space
2545,hard_tiles_large_space
2546,soft_tiles
2547,hard_tiles_large_space
2548,soft_pvc
2549,tiled
2550,hard_tiles_large_space
2551,soft_tiles
2552,soft_tiles
2553,wood
2554,soft_pvc
2555,hard_tiles
2556,tiled
2557,hard_tiles_large_space
2558,wood
2559,soft_pvc
2560,concrete
2561,soft_pvc
2562,tiled
2563,soft_pvc
2564,concrete
2565,concrete
2566,carpet
2567,soft_pvc
2568,fine_concrete
2569,wood
2570,tiled
2571,soft_pvc
2572,soft_pvc
2573,carpet
2574,wood
2575,wood
2576,soft_tiles
2577,wood
2578,soft_tiles
2579,concrete
2580,hard_tiles
2581,fine_concrete
2582,wood
2583,tiled
2584,wood
2585,soft_tiles
2586,tiled
2587,carpet
2588,tiled
2589,fine_concrete
2590,hard_tiles
2591,tiled
2592,soft_tiles
2593,wood
2594,carpet
2595,soft_tiles
2596,soft_pvc
2597,hard_tiles_large_space
2598,concrete
2599,soft_pvc
2600,carpet
2601,soft_pvc
2602,wood
2603,carpet
2604,wood
2605,carpet
2606,soft_tiles
2607,hard_tiles_large_space
2608,hard_tiles_large_space
2609,fine_concrete
2610,tiled
2611,tiled
2612,hard_tiles
2613,tiled
2614,hard_tiles
2615,wood
2616,fine_concrete
2617,soft_tiles
2618,soft_tiles
2619,wood
2620,wood
2621,tiled
2622,soft_pvc
2623,soft_tiles
2624,hard_tiles
2625,carpet
2626,soft_pvc
2627,carpet
2628,concrete
2629,wood
2630,tiled
2631,hard_tiles_large_space
2632,wood
2633,soft_tiles
2634,tiled
2635,carpet
2636,fine_concrete
2637,concrete
2638,carpet
2639,wood
2640,tiled
2641,carpet
2642,soft_pvc
2643,wood
2644,carpet
2645,hard_tiles_large_space
2646,fine_concrete
2647,hard_tiles
2648,tiled
2649,concrete
2650,hard_tiles_large_space
2651,carpet
2652,hard_tiles
2653,soft_tiles
2654,wood
2655,soft_pvc
2656,hard_tiles_large_space
2657,soft_pvc
2658,hard_tiles_large_space
2659,soft_tiles
2660,fine_concrete
2661,soft_pvc
2662,tiled
2663,soft_tiles
2664,carpet
2665,soft_tiles
2666,fine_concrete
2667,soft_pvc
2668,hard_tiles_large_space
2669,concrete
2670,tiled
2671,hard_tiles_large_space
2672,concrete
2673,concrete
2674,hard_tiles
2675,concrete
2676,soft_pvc
2677,fine_concrete
2678,concrete
2679,soft_tiles
2680,hard_tiles
2681,soft_pvc
2682,soft_tiles
2683,tiled
2684,carpet
2685,soft_tiles
2686,wood
2687,hard_tiles_large_space
2688,soft_pvc
2689,wood
2690,carpet
2691,carpet
2692,soft_pvc
2693,carpet
2694,hard_tiles
2695,tiled
2696,hard_tiles_large_space
2697,carpet
2698,fine_concrete
2699,wood
2700,tiled
2701,concrete
2702,fine_concrete
2703,hard_tiles
2704,soft_pvc
2705,soft_pvc
2706,wood
2707,wood
2708,hard_tiles_large_space
2709,soft_pvc
2710,carpet
2711,hard_tiles_large_space
2712,wood
2713,soft_pvc
2714,carpet
2715,concrete
2716,tiled
2717,concrete
2718,concrete
2719,soft_pvc
2720,soft_tiles
2721,hard_tiles_large_space
2722,soft_tiles
2723,hard_tiles
2724,wood
2725,soft_tiles
2726,concrete
2727,concrete
2728,wood
2729,hard_tiles_large_space
2730,wood
2731,wood
2732,concrete
2733,soft_pvc
2734,wood
2735,tiled
2736,hard_tiles_large_space
2737,tiled
2738,concrete
2739,soft_pvc
2740,tiled
2741,wood
2742,tiled
2743,soft_tiles
2744,soft_tiles
2745,wood
2746,concrete
2747,hard_tiles_large_space
2748,soft_pvc
2749,wood
2750,soft_tiles
2751,hard_tiles
2752,concrete
2753,carpet
2754,tiled
2755,tiled
2756,tiled
2757,concrete
2758,wood
2759,soft_tiles
2760,tiled
2761,soft_tiles
2762,carpet
2763,hard_tiles_large_space
2764,concrete
2765,tiled
2766,carpet
2767,soft_pvc
2768,tiled
2769,soft_pvc
2770,soft_pvc
2771,fine_concrete
2772,soft_pvc
2773,carpet
2774,tiled
2775,soft_pvc
2776,soft_tiles
2777,hard_tiles
2778,tiled
2779,wood
2780,soft_pvc
2781,soft_pvc
2782,fine_concrete
2783,soft_pvc
2784,soft_tiles
2785,tiled
2786,soft_tiles
2787,soft_pvc
2788,hard_tiles_large_space
2789,carpet
2790,fine_concrete
2791,wood
2792,soft_tiles
2793,tiled
2794,concrete
2795,soft_pvc
2796,hard_tiles_large_space
2797,wood
2798,soft_tiles
2799,hard_tiles_large_space
2800,wood
2801,tiled
2802,fine_concrete
2803,soft_pvc
2804,wood
2805,tiled
2806,concrete
2807,hard_tiles_large_space
2808,tiled
2809,soft_tiles
2810,soft_tiles
2811,concrete
2812,hard_tiles_large_space
2813,soft_tiles
2814,carpet
2815,hard_tiles
2816,wood
2817,concrete
2818,hard_tiles_large_space
2819,soft_pvc
2820,wood
2821,carpet
2822,soft_pvc
2823,concrete
2824,tiled
2825,wood
2826,wood
2827,hard_tiles
2828,soft_tiles
2829,fine_concrete
2830,tiled
2831,concrete
2832,soft_pvc
2833,tiled
2834,concrete
2835,soft_pvc
2836,soft_tiles
2837,hard_tiles
2838,soft_tiles
2839,concrete
2840,hard_tiles
2841,hard_tiles
2842,tiled
2843,hard_tiles_large_space
2844,wood
2845,soft_pvc
2846,soft_tiles
2847,tiled
2848,tiled
2849,concrete
2850,wood
2851,wood
2852,fine_concrete
2853,wood
2854,tiled
2855,fine_concrete
2856,wood
2857,tiled
2858,hard_tiles_large_space
2859,soft_pvc
2860,soft_pvc
2861,wood
2862,tiled
2863,tiled
2864,soft_pvc
2865,tiled
2866,carpet
2867,hard_tiles_large_space
2868,soft_pvc
2869,wood
2870,soft_pvc
2871,tiled
2872,hard_tiles_large_space
2873,tiled
2874,wood
2875,hard_tiles_large_space
2876,soft_pvc
2877,tiled
2878,hard_tiles_large_space
2879,soft_tiles
2880,soft_tiles
2881,soft_pvc
2882,tiled
2883,soft_tiles
2884,tiled
2885,wood
2886,soft_tiles
2887,wood
2888,soft_pvc
2889,carpet
2890,soft_tiles
2891,soft_tiles
2892,wood
2893,tiled
2894,wood
2895,wood
2896,soft_tiles
2897,soft_tiles
2898,soft_pvc
2899,soft_pvc
2900,soft_tiles
2901,soft_tiles
2902,hard_tiles_large_space
2903,concrete
2904,wood
2905,soft_pvc
2906,hard_tiles_large_space
2907,tiled
2908,soft_pvc
2909,carpet
2910,hard_tiles
2911,tiled
2912,soft_pvc
2913,hard_tiles
2914,tiled
2915,soft_tiles
2916,wood
2917,tiled
2918,tiled
2919,carpet
2920,soft_tiles
2921,soft_tiles
2922,concrete
2923,soft_tiles
2924,soft_pvc
2925,tiled
2926,carpet
2927,soft_tiles
2928,soft_tiles
2929,soft_pvc
2930,carpet
2931,soft_pvc
2932,hard_tiles_large_space
2933,fine_concrete
2934,fine_concrete
2935,tiled
2936,concrete
2937,concrete
2938,soft_tiles
2939,soft_pvc
2940,concrete
2941,hard_tiles_large_space
2942,tiled
2943,tiled
2944,hard_tiles
2945,tiled
2946,soft_pvc
2947,tiled
2948,fine_concrete
2949,concrete
2950,soft_tiles
2951,soft_pvc
2952,wood
2953,hard_tiles_large_space
2954,tiled
2955,soft_tiles
2956,tiled
2957,hard_tiles_large_space
2958,tiled
2959,soft_tiles
2960,concrete
2961,tiled
2962,tiled
2963,soft_tiles
2964,hard_tiles
2965,soft_tiles
2966,wood
2967,wood
2968,tiled
2969,wood
2970,soft_tiles
2971,soft_pvc
2972,soft_tiles
2973,hard_tiles_large_space
2974,wood
2975,soft_tiles
2976,wood
2977,soft_pvc
2978,carpet
2979,soft_pvc
2980,concrete
2981,hard_tiles_large_space
2982,wood
2983,hard_tiles_large_space
2984,concrete
2985,carpet
2986,hard_tiles_large_space
2987,wood
2988,concrete
2989,carpet
2990,wood
2991,carpet
2992,hard_tiles
2993,wood
2994,wood
2995,soft_tiles
2996,fine_concrete
2997,soft_pvc
2998,tiled
2999,soft_tiles
3000,wood
3001,concrete
3002,tiled
3003,wood
3004,soft_tiles
3005,soft_pvc
3006,wood
3007,hard_tiles
3008,soft_pvc
3009,soft_pvc
3010,soft_tiles
3011,soft_pvc
3012,hard_tiles
3013,soft_pvc
3014,carpet
3015,concrete
3016,soft_tiles
3017,tiled
3018,tiled
3019,soft_pvc
3020,soft_pvc
3021,hard_tiles_large_space
3022,tiled
3023,soft_tiles
3024,soft_pvc
3025,soft_pvc
3026,soft_tiles
3027,tiled
3028,hard_tiles
3029,soft_pvc
3030,hard_tiles
3031,concrete
3032,concrete
3033,wood
3034,concrete
3035,wood
3036,wood
3037,carpet
3038,soft_tiles
3039,soft_tiles
3040,soft_pvc
3041,tiled
3042,hard_tiles_large_space
3043,fine_concrete
3044,tiled
3045,wood
3046,wood
3047,soft_tiles
3048,soft_pvc
3049,carpet
3050,soft_tiles
3051,soft_pvc
3052,concrete
3053,tiled
3054,hard_tiles_large_space
3055,tiled
3056,wood
3057,soft_tiles
3058,hard_tiles_large_space
3059,hard_tiles
3060,hard_tiles_large_space
3061,fine_concrete
3062,soft_tiles
3063,tiled
3064,wood
3065,tiled
3066,wood
3067,fine_concrete
3068,tiled
3069,hard_tiles
3070,concrete
3071,hard_tiles_large_space
3072,soft_pvc
3073,wood
3074,fine_concrete
3075,carpet
3076,soft_tiles
3077,tiled
3078,concrete
3079,soft_tiles
3080,soft_tiles
3081,hard_tiles_large_space
3082,carpet
3083,concrete
3084,soft_pvc
3085,soft_pvc
3086,wood
3087,wood
3088,soft_tiles
3089,hard_tiles_large_space
3090,concrete
3091,soft_tiles
3092,concrete
3093,wood
3094,tiled
3095,wood
3096,soft_tiles
3097,tiled
3098,soft_tiles
3099,soft_tiles
3100,wood
3101,wood
3102,soft_tiles
3103,wood
3104,hard_tiles
3105,hard_tiles_large_space
3106,wood
3107,soft_tiles
3108,soft_tiles
3109,soft_tiles
3110,soft_pvc
3111,concrete
3112,soft_tiles
3113,soft_pvc
3114,concrete
3115,soft_pvc
3116,wood
3117,wood
3118,carpet
3119,tiled
3120,hard_tiles_large_space
3121,soft_pvc
3122,tiled
3123,hard_tiles
3124,hard_tiles_large_space
3125,tiled
3126,soft_tiles
3127,wood
3128,wood
3129,soft_tiles
3130,soft_pvc
3131,tiled
3132,hard_tiles_large_space
3133,soft_pvc
3134,hard_tiles_large_space
3135,carpet
3136,soft_tiles
3137,hard_tiles_large_space
3138,wood
3139,fine_concrete
3140,carpet
3141,soft_tiles
3142,wood
3143,carpet
3144,hard_tiles_large_space
3145,hard_tiles
3146,soft_tiles
3147,hard_tiles_large_space
3148,soft_tiles
3149,concrete
3150,hard_tiles
3151,soft_pvc
3152,hard_tiles_large_space
3153,soft_pvc
3154,carpet
3155,hard_tiles
3156,soft_pvc
3157,concrete
3158,carpet
3159,tiled
3160,hard_tiles_large_space
3161,soft_pvc
3162,hard_tiles_large_space
3163,tiled
3164,soft_pvc
3165,hard_tiles_large_space
3166,soft_tiles
3167,hard_tiles
3168,tiled
3169,soft_pvc
3170,hard_tiles
3171,fine_concrete
3172,hard_tiles
3173,hard_tiles_large_space
3174,fine_concrete
3175,concrete
3176,soft_pvc
3177,wood
3178,carpet
3179,tiled
3180,wood
3181,hard_tiles_large_space
3182,soft_tiles
3183,tiled
3184,concrete
3185,wood
3186,soft_tiles
3187,concrete
3188,concrete
3189,hard_tiles_large_space
3190,soft_tiles
3191,soft_pvc
3192,wood
3193,soft_pvc
3194,wood
3195,tiled
3196,soft_pvc
3197,soft_pvc
3198,concrete
3199,hard_tiles_large_space
3200,soft_pvc
3201,hard_tiles_large_space
3202,tiled
3203,hard_tiles_large_space
3204,tiled
3205,fine_concrete
3206,tiled
3207,wood
3208,hard_tiles
3209,carpet
3210,fine_concrete
3211,soft_tiles
3212,concrete
3213,tiled
3214,fine_concrete
3215,soft_tiles
3216,soft_pvc
3217,soft_tiles
3218,soft_tiles
3219,hard_tiles_large_space
3220,concrete
3221,soft_pvc
3222,soft_tiles
3223,tiled
3224,tiled
3225,soft_pvc
3226,tiled
3227,soft_pvc
3228,carpet
3229,tiled
3230,carpet
3231,hard_tiles
3232,fine_concrete
3233,tiled
3234,fine_concrete
3235,soft_tiles
3236,soft_pvc
3237,hard_tiles_large_space
3238,carpet
3239,hard_tiles_large_space
3240,fine_concrete
3241,hard_tiles_large_space
3242,fine_concrete
3243,hard_tiles_large_space
3244,tiled
3245,hard_tiles_large_space
3246,soft_tiles
3247,hard_tiles_large_space
3248,hard_tiles
3249,concrete
3250,soft_tiles
3251,soft_pvc
3252,carpet
3253,tiled
3254,wood
3255,wood
3256,wood
3257,wood
3258,soft_pvc
3259,wood
3260,wood
3261,soft_tiles
3262,wood
3263,tiled
3264,wood
3265,hard_tiles
3266,concrete
3267,hard_tiles_large_space
3268,soft_pvc
3269,soft_tiles
3270,tiled
3271,carpet
3272,fine_concrete
3273,soft_pvc
3274,hard_tiles_large_space
3275,soft_pvc
3276,soft_tiles
3277,wood
3278,hard_tiles_large_space
3279,concrete
3280,carpet
3281,carpet
3282,soft_tiles
3283,tiled
3284,hard_tiles_large_space
3285,soft_pvc
3286,hard_tiles
3287,tiled
3288,concrete
3289,concrete
3290,concrete
3291,soft_tiles
3292,tiled
3293,tiled
3294,concrete
3295,carpet
3296,soft_tiles
3297,tiled
3298,tiled
3299,soft_tiles
3300,hard_tiles
3301,hard_tiles
3302,carpet
3303,soft_tiles
3304,hard_tiles_large_space
3305,carpet
3306,hard_tiles_large_space
3307,hard_tiles_large_space
3308,soft_pvc
3309,tiled
3310,soft_tiles
3311,soft_tiles
3312,soft_pvc
3313,soft_pvc
3314,wood
3315,soft_pvc
3316,concrete
3317,wood
3318,wood
3319,tiled
3320,soft_tiles
3321,soft_tiles
3322,soft_pvc
3323,tiled
3324,soft_pvc
3325,tiled
3326,soft_pvc
3327,soft_tiles
3328,soft_tiles
3329,carpet
3330,carpet
3331,hard_tiles_large_space
3332,tiled
3333,soft_pvc
3334,hard_tiles_large_space
3335,wood
3336,tiled
3337,soft_pvc
3338,carpet
3339,soft_tiles
3340,concrete
3341,hard_tiles
3342,soft_pvc
3343,soft_tiles
3344,soft_tiles
3345,tiled
3346,wood
3347,fine_concrete
3348,concrete
3349,wood
3350,hard_tiles_large_space
3351,soft_pvc
3352,tiled
3353,soft_tiles
3354,carpet
3355,soft_tiles
3356,tiled
3357,carpet
3358,tiled
3359,tiled
3360,carpet
3361,soft_pvc
3362,concrete
3363,soft_tiles
3364,carpet
3365,tiled
3366,carpet
3367,wood
3368,soft_tiles
3369,concrete
3370,soft_pvc
3371,soft_tiles
3372,hard_tiles
3373,tiled
3374,wood
3375,hard_tiles
3376,soft_tiles
3377,hard_tiles_large_space
3378,wood
3379,carpet
3380,carpet
3381,tiled
3382,tiled
3383,soft_tiles
3384,tiled
3385,hard_tiles_large_space
3386,hard_tiles_large_space
3387,carpet
3388,soft_pvc
3389,carpet
3390,tiled
3391,soft_pvc
3392,soft_tiles
3393,soft_tiles
3394,tiled
3395,tiled
3396,soft_pvc
3397,soft_pvc
3398,wood
3399,wood
3400,soft_pvc
3401,soft_tiles
3402,carpet
3403,wood
3404,concrete
3405,tiled
3406,tiled
3407,hard_tiles
3408,carpet
3409,soft_tiles
3410,hard_tiles_large_space
3411,fine_concrete
3412,tiled
3413,concrete
3414,wood
3415,concrete
3416,soft_tiles
3417,tiled
3418,hard_tiles_large_space
3419,hard_tiles_large_space
3420,wood
3421,tiled
3422,tiled
3423,wood
3424,wood
3425,tiled
3426,soft_tiles
3427,carpet
3428,soft_tiles
3429,carpet
3430,hard_tiles_large_space
3431,concrete
3432,carpet
3433,tiled
3434,concrete
3435,soft_tiles
3436,tiled
3437,wood
3438,soft_pvc
3439,soft_tiles
3440,soft_pvc
3441,soft_pvc
3442,wood
3443,soft_pvc
3444,concrete
3445,soft_pvc
3446,hard_tiles
3447,hard_tiles_large_space
3448,soft_tiles
3449,soft_pvc
3450,soft_tiles
3451,hard_tiles_large_space
3452,carpet
3453,soft_pvc
3454,soft_tiles
3455,soft_pvc
3456,fine_concrete
3457,soft_tiles
3458,tiled
3459,carpet
3460,tiled
3461,hard_tiles_large_space
3462,carpet
3463,fine_concrete
3464,soft_tiles
3465,hard_tiles_large_space
3466,hard_tiles_large_space
3467,fine_concrete
3468,hard_tiles
3469,soft_pvc
3470,wood
3471,wood
3472,tiled
3473,tiled
3474,tiled
3475,hard_tiles_large_space
3476,wood
3477,soft_tiles
3478,soft_pvc
3479,soft_tiles
3480,soft_pvc
3481,tiled
3482,fine_concrete
3483,soft_pvc
3484,wood
3485,wood
3486,hard_tiles_large_space
3487,soft_pvc
3488,concrete
3489,hard_tiles
3490,soft_pvc
3491,wood
3492,hard_tiles_large_space
3493,fine_concrete
3494,hard_tiles
3495,hard_tiles_large_space
3496,concrete
3497,soft_pvc
3498,hard_tiles_large_space
3499,hard_tiles
3500,hard_tiles_large_space
3501,wood
3502,wood
3503,concrete
3504,fine_concrete
3505,concrete
3506,soft_tiles
3507,soft_pvc
3508,soft_pvc
3509,soft_tiles
3510,carpet
3511,concrete
3512,tiled
3513,tiled
3514,hard_tiles_large_space
3515,soft_pvc
3516,soft_tiles
3517,concrete
3518,concrete
3519,soft_tiles
3520,soft_pvc
3521,soft_pvc
3522,tiled
3523,soft_pvc
3524,wood
3525,soft_pvc
3526,soft_pvc
3527,hard_tiles_large_space
3528,wood
3529,concrete
3530,wood
3531,soft_tiles
3532,hard_tiles_large_space
3533,concrete
3534,carpet
3535,soft_tiles
3536,soft_pvc
3537,wood
3538,fine_concrete
3539,soft_pvc
3540,carpet
3541,tiled
3542,soft_pvc
3543,hard_tiles
3544,tiled
3545,wood
3546,carpet
3547,wood
3548,carpet
3549,carpet
3550,soft_pvc
3551,soft_pvc
3552,soft_tiles
3553,concrete
3554,soft_tiles
3555,fine_concrete
3556,wood
3557,hard_tiles_large_space
3558,hard_tiles
3559,hard_tiles
3560,tiled
3561,tiled
3562,hard_tiles
3563,tiled
3564,soft_pvc
3565,fine_concrete
3566,soft_tiles
3567,soft_tiles
3568,carpet
3569,soft_pvc
3570,carpet
3571,soft_tiles
3572,soft_tiles
3573,concrete
3574,soft_pvc
3575,hard_tiles_large_space
3576,wood
3577,fine_concrete
3578,soft_tiles
3579,concrete
3580,tiled
3581,tiled
3582,hard_tiles
3583,hard_tiles
3584,wood
3585,hard_tiles_large_space
3586,soft_tiles
3587,soft_pvc
3588,concrete
3589,wood
3590,wood
3591,hard_tiles_large_space
3592,concrete
3593,carpet
3594,tiled
3595,hard_tiles_large_space
3596,soft_pvc
3597,hard_tiles_large_space
3598,soft_tiles
3599,hard_tiles_large_space
3600,wood
3601,tiled
3602,soft_pvc
3603,carpet
3604,tiled
3605,concrete
3606,tiled
3607,wood
3608,carpet
3609,wood
3610,hard_tiles
3611,carpet
3612,hard_tiles_large_space
3613,hard_tiles_large_space
3614,concrete
3615,hard_tiles_large_space
3616,wood
3617,hard_tiles
3618,soft_tiles
3619,carpet
3620,concrete
3621,carpet
3622,wood
3623,soft_pvc
3624,tiled
3625,carpet
3626,soft_tiles
3627,soft_pvc
3628,carpet
3629,hard_tiles
3630,wood
3631,soft_pvc
3632,concrete
3633,hard_tiles_large_space
3634,hard_tiles_large_space
3635,carpet
3636,tiled
3637,carpet
3638,tiled
3639,hard_tiles_large_space
3640,hard_tiles_large_space
3641,tiled
3642,soft_tiles
3643,tiled
3644,carpet
3645,concrete
3646,hard_tiles_large_space
3647,carpet
3648,wood
3649,soft_pvc
3650,soft_pvc
3651,soft_pvc
3652,soft_tiles
3653,soft_tiles
3654,hard_tiles_large_space
3655,soft_tiles
3656,carpet
3657,soft_pvc
3658,hard_tiles_large_space
3659,concrete
3660,carpet
3661,tiled
3662,soft_pvc
3663,tiled
3664,hard_tiles_large_space
3665,soft_tiles
3666,hard_tiles_large_space
3667,wood
3668,hard_tiles_large_space
3669,hard_tiles_large_space
3670,soft_tiles
3671,fine_concrete
3672,soft_tiles
3673,carpet
3674,carpet
3675,carpet
3676,wood
3677,soft_pvc
3678,concrete
3679,tiled
3680,hard_tiles_large_space
3681,concrete
3682,hard_tiles_large_space
3683,carpet
3684,wood
3685,concrete
3686,hard_tiles_large_space
3687,tiled
3688,concrete
3689,wood
3690,hard_tiles_large_space
3691,tiled
3692,tiled
3693,wood
3694,hard_tiles
3695,soft_tiles
3696,hard_tiles
3697,wood
3698,wood
3699,soft_tiles
3700,concrete
3701,tiled
3702,soft_tiles
3703,tiled
3704,carpet
3705,soft_pvc
3706,soft_tiles
3707,carpet
3708,hard_tiles_large_space
3709,hard_tiles_large_space
3710,concrete
3711,hard_tiles
3712,carpet
3713,fine_concrete
3714,concrete
3715,carpet
3716,concrete
3717,hard_tiles_large_space
3718,tiled
3719,hard_tiles_large_space
3720,tiled
3721,soft_tiles
3722,wood
3723,hard_tiles_large_space
3724,hard_tiles_large_space
3725,fine_concrete
3726,carpet
3727,tiled
3728,hard_tiles
3729,soft_tiles
3730,fine_concrete
3731,carpet
3732,hard_tiles_large_space
3733,soft_tiles
3734,hard_tiles_large_space
3735,soft_pvc
3736,soft_pvc
3737,soft_tiles
3738,wood
3739,soft_tiles
3740,carpet
3741,tiled
3742,tiled
3743,wood
3744,concrete
3745,fine_concrete
3746,hard_tiles_large_space
3747,wood
3748,hard_tiles_large_space
3749,wood
3750,soft_pvc
3751,hard_tiles
3752,wood
3753,soft_tiles
3754,wood
3755,soft_tiles
3756,soft_tiles
3757,carpet
3758,wood
3759,hard_tiles_large_space
3760,carpet
3761,fine_concrete
3762,hard_tiles_large_space
3763,tiled
3764,carpet
3765,soft_pvc
3766,tiled
3767,hard_tiles
3768,soft_pvc
3769,fine_concrete
3770,fine_concrete
3771,soft_pvc
3772,tiled
3773,wood
3774,carpet
3775,hard_tiles_large_space
3776,concrete
3777,concrete
3778,tiled
3779,fine_concrete
3780,carpet
3781,carpet
3782,carpet
3783,carpet
3784,soft_pvc
3785,concrete
3786,wood
3787,soft_pvc
3788,hard_tiles_large_space
3789,hard_tiles_large_space
3790,concrete
3791,hard_tiles_large_space
3792,soft_tiles
3793,wood
3794,concrete
3795,wood
3796,tiled
3797,hard_tiles_large_space
3798,soft_pvc
3799,soft_pvc
3800,hard_tiles
3801,hard_tiles
3802,carpet
3803,soft_pvc
3804,hard_tiles_large_space
3805,soft_pvc
3806,tiled
3807,soft_pvc
3808,tiled
3809,carpet
3810,soft_pvc
3811,soft_pvc
3812,soft_tiles
3813,tiled
3814,hard_tiles_large_space
3815,wood
